time,id,source,dest,flow
0,p00000,18,1,down
1,p00001,55,1,down
5,p00002,50,1,down
8,p00003,40,1,down
9,p00004,59,1,down
10,p00005,24,1,down
13,p00006,18,1,down
13,p00007,60,1,down
18,p00008,33,1,down
19,p00009,47,1,down
20,p00010,17,1,down
25,p00011,20,1,down
25,p00012,37,1,down
25,p00013,36,1,down
35,p00014,18,1,down
39,p00015,59,1,down
41,p00016,35,1,down
44,p00017,28,1,down
48,p00018,41,1,down
48,p00019,39,1,down
50,p00020,9,1,down
57,p00021,42,1,down
58,p00022,3,1,down
61,p00023,55,1,down
62,p00024,13,1,down
70,p00025,21,1,down
76,p00026,48,1,down
78,p00027,15,1,down
79,p00028,56,1,down
83,p00029,45,1,down
89,p00030,2,1,down
100,p00031,21,1,down
110,p00032,27,1,down
111,p00033,47,1,down
120,p00034,31,1,down
122,p00035,37,1,down
123,p00036,48,1,down
126,p00037,2,1,down
129,p00038,9,1,down
136,p00039,60,1,down
139,p00040,43,1,down
143,p00041,18,1,down
145,p00042,49,1,down
145,p00043,40,1,down
148,p00044,36,1,down
163,p00045,48,1,down
173,p00046,53,1,down
180,p00047,42,1,down
180,p00048,53,1,down
193,p00049,29,1,down
196,p00050,35,1,down
203,p00051,14,1,down
206,p00052,33,1,down
210,p00053,22,1,down
211,p00054,36,1,down
211,p00055,16,1,down
218,p00056,26,1,down
224,p00057,4,1,down
228,p00058,31,1,down
229,p00059,34,1,down
239,p00060,56,1,down
243,p00061,2,1,down
250,p00062,26,1,down
255,p00063,28,1,down
257,p00064,46,1,down
259,p00065,26,1,down
276,p00066,47,1,down
280,p00067,57,1,down
281,p00068,14,1,down
281,p00069,27,1,down
288,p00070,35,1,down
293,p00071,46,1,down
296,p00072,29,1,down
297,p00073,51,1,down
297,p00074,3,1,down
302,p00075,24,1,down
308,p00076,59,1,down
313,p00077,46,1,down
316,p00078,24,1,down
322,p00079,37,1,down
325,p00080,12,1,down
335,p00081,46,1,down
346,p00082,28,1,down
347,p00083,32,1,down
347,p00084,13,1,down
359,p00085,42,1,down
363,p00086,15,1,down
376,p00087,4,1,down
379,p00088,49,1,down
383,p00089,52,1,down
387,p00090,6,1,down
422,p00091,6,1,down
425,p00092,9,1,down
425,p00093,19,1,down
426,p00094,16,1,down
437,p00095,15,1,down
438,p00096,26,1,down
446,p00097,57,1,down
456,p00098,42,1,down
484,p00099,14,1,down
493,p00100,47,1,down
500,p00101,30,1,down
506,p00102,29,1,down
508,p00103,17,1,down
511,p00104,29,1,down
513,p00105,47,1,down
530,p00106,9,1,down
531,p00107,47,1,down
535,p00108,45,1,down
546,p00109,6,1,down
549,p00110,15,1,down
557,p00111,40,1,down
565,p00112,56,1,down
572,p00113,49,1,down
573,p00114,48,1,down
587,p00115,24,1,down
588,p00116,15,1,down
597,p00117,45,1,down
602,p00118,41,1,down
603,p00119,11,1,down
606,p00120,53,1,down
607,p00121,37,1,down
610,p00122,31,1,down
618,p00123,44,1,down
628,p00124,51,1,down
631,p00125,9,1,down
645,p00126,23,1,down
645,p00127,17,1,down
650,p00128,2,1,down
650,p00129,5,1,down
652,p00130,22,1,down
663,p00131,18,1,down
668,p00132,44,1,down
671,p00133,26,1,down
676,p00134,36,1,down
691,p00135,50,1,down
695,p00136,42,1,down
707,p00137,8,1,down
708,p00138,29,1,down
710,p00139,51,1,down
722,p00140,38,1,down
737,p00141,22,1,down
740,p00142,11,1,down
751,p00143,49,1,down
766,p00144,11,1,down
784,p00145,7,1,down
791,p00146,3,1,down
800,p00147,12,1,down
802,p00148,24,1,down
807,p00149,31,1,down
820,p00150,5,1,down
824,p00151,55,1,down
825,p00152,32,1,down
826,p00153,53,1,down
834,p00154,58,1,down
835,p00155,58,1,down
841,p00156,28,1,down
843,p00157,2,1,down
854,p00158,11,1,down
859,p00159,10,1,down
867,p00160,60,1,down
872,p00161,3,1,down
872,p00162,51,1,down
878,p00163,5,1,down
883,p00164,31,1,down
889,p00165,25,1,down
896,p00166,20,1,down
921,p00167,52,1,down
924,p00168,59,1,down
924,p00169,42,1,down
928,p00170,58,1,down
928,p00171,26,1,down
930,p00172,28,1,down
937,p00173,43,1,down
959,p00174,58,1,down
961,p00175,35,1,down
968,p00176,5,1,down
969,p00177,23,1,down
969,p00178,57,1,down
973,p00179,32,1,down
979,p00180,32,1,down
981,p00181,16,1,down
1000,p00182,33,1,down
1001,p00183,33,1,down
1003,p00184,29,1,down
1003,p00185,25,1,down
1004,p00186,14,1,down
1004,p00187,32,1,down
1009,p00188,57,1,down
1013,p00189,27,1,down
1018,p00190,17,1,down
1020,p00191,45,1,down
1024,p00192,45,1,down
1024,p00193,21,1,down
1030,p00194,5,1,down
1045,p00195,14,1,down
1046,p00196,28,1,down
1050,p00197,29,1,down
1052,p00198,3,1,down
1055,p00199,40,1,down
1065,p00200,34,1,down
1068,p00201,32,1,down
1075,p00202,24,1,down
1077,p00203,2,1,down
1079,p00204,17,1,down
1086,p00205,21,1,down
1086,p00206,42,1,down
1088,p00207,57,1,down
1091,p00208,33,1,down
1096,p00209,48,1,down
1096,p00210,35,1,down
1097,p00211,29,1,down
1102,p00212,33,1,down
1103,p00213,14,1,down
1107,p00214,8,1,down
1108,p00215,43,1,down
1115,p00216,44,1,down
1117,p00217,9,1,down
1119,p00218,36,1,down
1130,p00219,60,1,down
1135,p00220,28,1,down
1142,p00221,25,1,down
1147,p00222,34,1,down
1148,p00223,7,1,down
1153,p00224,26,1,down
1158,p00225,9,1,down
1172,p00226,18,1,down
1175,p00227,52,1,down
1180,p00228,55,1,down
1185,p00229,27,1,down
1191,p00230,31,1,down
1191,p00231,10,1,down
1196,p00232,22,1,down
1202,p00233,30,1,down
1205,p00234,31,1,down
1206,p00235,29,1,down
1211,p00236,22,1,down
1214,p00237,56,1,down
1215,p00238,5,1,down
1232,p00239,2,1,down
1233,p00240,35,1,down
1238,p00241,56,1,down
1245,p00242,57,1,down
1246,p00243,12,1,down
1249,p00244,17,1,down
1253,p00245,31,1,down
1255,p00246,34,1,down
1260,p00247,59,1,down
1262,p00248,19,1,down
1262,p00249,24,1,down
1269,p00250,53,1,down
1282,p00251,10,1,down
1285,p00252,23,1,down
1291,p00253,26,1,down
1294,p00254,38,1,down
1295,p00255,34,1,down
1301,p00256,60,1,down
1308,p00257,14,1,down
1310,p00258,15,1,down
1310,p00259,13,1,down
1312,p00260,19,1,down
1314,p00261,12,1,down
1315,p00262,27,1,down
1316,p00263,7,1,down
1325,p00264,13,1,down
1331,p00265,29,1,down
1332,p00266,10,1,down
1336,p00267,23,1,down
1336,p00268,22,1,down
1337,p00269,32,1,down
1340,p00270,12,1,down
1341,p00271,27,1,down
1345,p00272,54,1,down
1346,p00273,9,1,down
1347,p00274,45,1,down
1354,p00275,40,1,down
1360,p00276,7,1,down
1360,p00277,43,1,down
1362,p00278,60,1,down
1363,p00279,10,1,down
1367,p00280,58,1,down
1367,p00281,37,1,down
1367,p00282,10,1,down
1376,p00283,51,1,down
1381,p00284,9,1,down
1382,p00285,55,1,down
1400,p00286,6,1,down
1408,p00287,39,1,down
1411,p00288,51,1,down
1425,p00289,25,1,down
1429,p00290,17,1,down
1429,p00291,32,1,down
1431,p00292,52,1,down
1433,p00293,44,1,down
1434,p00294,20,1,down
1441,p00295,22,1,down
1443,p00296,42,1,down
1452,p00297,40,1,down
1462,p00298,40,1,down
1467,p00299,14,1,down
1472,p00300,37,1,down
1478,p00301,46,1,down
1480,p00302,12,1,down
1485,p00303,16,1,down
1486,p00304,52,1,down
1492,p00305,59,1,down
1496,p00306,39,1,down
1497,p00307,38,1,down
1498,p00308,14,1,down
1498,p00309,12,1,down
1499,p00310,10,1,down
1500,p00311,11,1,down
1504,p00312,13,1,down
1519,p00313,45,1,down
1528,p00314,48,1,down
1544,p00315,18,1,down
1545,p00316,13,1,down
1548,p00317,55,1,down
1549,p00318,10,1,down
1557,p00319,7,1,down
1568,p00320,33,1,down
1570,p00321,14,1,down
1575,p00322,32,1,down
1583,p00323,15,1,down
1584,p00324,7,1,down
1586,p00325,48,1,down
1587,p00326,41,1,down
1587,p00327,33,1,down
1591,p00328,56,1,down
1604,p00329,48,1,down
1615,p00330,9,1,down
1616,p00331,36,1,down
1631,p00332,37,1,down
1639,p00333,2,1,down
1643,p00334,56,1,down
1645,p00335,19,1,down
1653,p00336,18,1,down
1662,p00337,57,1,down
1682,p00338,51,1,down
1699,p00339,23,1,down
1709,p00340,48,1,down
1709,p00341,30,1,down
1711,p00342,25,1,down
1713,p00343,8,1,down
1716,p00344,27,1,down
1720,p00345,35,1,down
1724,p00346,23,1,down
1731,p00347,8,1,down
1741,p00348,12,1,down
1744,p00349,38,1,down
1747,p00350,51,1,down
1758,p00351,34,1,down
1764,p00352,13,1,down
1765,p00353,3,1,down
1768,p00354,8,1,down
1771,p00355,46,1,down
1777,p00356,38,1,down
1791,p00357,50,1,down
1792,p00358,47,1,down
1795,p00359,28,1,down
1801,p00360,42,1,down
1805,p00361,60,1,down
1806,p00362,40,1,down
1806,p00363,37,1,down
1809,p00364,4,1,down
1811,p00365,23,1,down
1816,p00366,13,1,down
1817,p00367,13,1,down
1820,p00368,13,1,down
1823,p00369,59,1,down
1824,p00370,48,1,down
1829,p00371,5,1,down
1833,p00372,15,1,down
1860,p00373,8,1,down
1860,p00374,25,1,down
1865,p00375,8,1,down
1867,p00376,46,1,down
1867,p00377,27,1,down
1868,p00378,11,1,down
1870,p00379,34,1,down
1870,p00380,2,1,down
1875,p00381,49,1,down
1878,p00382,13,1,down
1879,p00383,14,1,down
1880,p00384,11,1,down
1890,p00385,42,1,down
1893,p00386,53,1,down
1904,p00387,13,1,down
1906,p00388,12,1,down
1908,p00389,20,1,down
1915,p00390,14,1,down
1916,p00391,56,1,down
1917,p00392,30,1,down
1919,p00393,52,1,down
1919,p00394,25,1,down
1921,p00395,57,1,down
1923,p00396,60,1,down
1927,p00397,50,1,down
1931,p00398,15,1,down
1931,p00399,46,1,down
