time,id,source,dest
1,p00000,1,58
2,p00001,1,28
4,p00002,1,19
4,p00003,1,15
7,p00004,1,43
12,p00005,1,13
12,p00006,1,52
13,p00007,1,54
14,p00008,1,10
18,p00009,1,25
20,p00010,12,1
24,p00011,1,16
27,p00012,1,26
28,p00013,1,30
31,p00014,1,22
31,p00015,1,34
35,p00016,1,34
37,p00017,49,1
37,p00018,1,58
38,p00019,1,44
55,p00020,1,22
55,p00021,1,57
58,p00022,1,16
60,p00023,40,1
69,p00024,1,36
72,p00025,49,1
72,p00026,1,51
78,p00027,1,41
85,p00028,1,12
92,p00029,1,38
94,p00030,1,25
94,p00031,1,60
96,p00032,1,52
97,p00033,31,1
101,p00034,1,51
108,p00035,1,48
108,p00036,1,44
112,p00037,1,22
118,p00038,1,8
119,p00039,1,24
127,p00040,45,1
130,p00041,1,33
136,p00042,1,50
142,p00043,1,54
146,p00044,1,41
147,p00045,16,1
149,p00046,1,7
150,p00047,1,39
152,p00048,1,19
152,p00049,1,55
160,p00050,1,24
165,p00051,1,23
169,p00052,1,3
172,p00053,1,15
174,p00054,37,1
174,p00055,44,1
174,p00056,57,1
174,p00057,1,20
176,p00058,58,1
178,p00059,31,1
180,p00060,51,1
181,p00061,1,41
183,p00062,1,45
187,p00063,1,42
188,p00064,1,25
195,p00065,1,18
195,p00066,1,34
197,p00067,33,1
198,p00068,1,33
206,p00069,1,23
206,p00070,1,37
207,p00071,41,1
211,p00072,1,17
213,p00073,1,2
213,p00074,1,4
214,p00075,1,51
215,p00076,1,58
219,p00077,1,34
220,p00078,1,46
223,p00079,49,1
223,p00080,1,51
225,p00081,1,51
225,p00082,1,55
228,p00083,27,1
234,p00084,1,54
236,p00085,1,35
237,p00086,1,24
239,p00087,1,19
241,p00088,1,51
245,p00089,1,42
248,p00090,1,23
248,p00091,1,5
250,p00092,1,45
251,p00093,1,21
251,p00094,1,24
252,p00095,1,29
256,p00096,1,14
256,p00097,1,34
260,p00098,42,1
262,p00099,3,1
265,p00100,1,56
268,p00101,1,37
268,p00102,1,49
269,p00103,1,5
271,p00104,1,28
272,p00105,11,1
273,p00106,20,1
274,p00107,3,1
275,p00108,1,50
275,p00109,1,38
276,p00110,1,44
277,p00111,2,1
278,p00112,1,14
284,p00113,1,17
284,p00114,1,48
286,p00115,56,1
286,p00116,1,25
290,p00117,55,1
290,p00118,1,3
291,p00119,1,29
293,p00120,1,36
295,p00121,1,22
295,p00122,1,8
295,p00123,1,5
298,p00124,1,9
299,p00125,1,17
304,p00126,1,38
314,p00127,1,45
314,p00128,1,27
315,p00129,1,46
317,p00130,1,50
317,p00131,36,1
320,p00132,1,37
322,p00133,1,3
324,p00134,1,7
332,p00135,1,4
333,p00136,1,28
336,p00137,1,10
342,p00138,1,20
343,p00139,1,39
344,p00140,1,26
346,p00141,1,3
350,p00142,1,48
352,p00143,57,1
353,p00144,1,32
353,p00145,1,19
359,p00146,1,16
360,p00147,1,28
360,p00148,1,60
362,p00149,19,1
362,p00150,1,39
366,p00151,1,12
368,p00152,1,2
374,p00153,1,54
374,p00154,15,1
376,p00155,1,26
377,p00156,1,21
378,p00157,1,17
378,p00158,1,34
381,p00159,45,1
381,p00160,1,43
385,p00161,1,41
387,p00162,55,1
387,p00163,1,28
389,p00164,1,33
394,p00165,1,27
405,p00166,1,3
407,p00167,5,1
411,p00168,1,40
412,p00169,1,36
414,p00170,1,22
416,p00171,1,55
416,p00172,3,1
421,p00173,1,18
424,p00174,1,46
424,p00175,1,28
427,p00176,1,23
432,p00177,1,41
435,p00178,11,1
436,p00179,1,58
443,p00180,1,21
444,p00181,1,11
447,p00182,11,1
448,p00183,1,36
449,p00184,1,30
453,p00185,1,45
454,p00186,1,54
456,p00187,1,7
459,p00188,1,44
462,p00189,1,29
462,p00190,1,24
463,p00191,1,34
463,p00192,1,9
464,p00193,1,44
467,p00194,1,8
469,p00195,1,38
472,p00196,33,1
472,p00197,1,35
478,p00198,1,2
479,p00199,1,11
483,p00200,1,46
490,p00201,1,34
490,p00202,1,50
491,p00203,1,57
494,p00204,1,39
495,p00205,1,60
496,p00206,1,20
497,p00207,1,4
510,p00208,1,56
510,p00209,1,24
516,p00210,1,39
520,p00211,56,1
522,p00212,1,60
524,p00213,1,56
528,p00214,1,40
530,p00215,1,34
531,p00216,23,1
535,p00217,49,1
536,p00218,1,48
537,p00219,1,25
539,p00220,1,58
540,p00221,1,28
542,p00222,1,38
542,p00223,1,29
551,p00224,1,8
553,p00225,1,3
556,p00226,1,7
559,p00227,1,2
562,p00228,1,41
563,p00229,1,2
566,p00230,39,1
568,p00231,1,29
568,p00232,15,1
572,p00233,1,6
573,p00234,1,53
576,p00235,1,8
577,p00236,1,54
577,p00237,1,20
578,p00238,1,25
579,p00239,1,13
585,p00240,1,13
586,p00241,1,28
588,p00242,1,8
589,p00243,1,8
591,p00244,1,41
592,p00245,1,5
593,p00246,10,1
597,p00247,1,21
602,p00248,1,3
602,p00249,1,54
603,p00250,1,15
607,p00251,1,38
609,p00252,1,59
612,p00253,1,54
613,p00254,1,16
615,p00255,1,35
621,p00256,1,32
623,p00257,1,56
623,p00258,1,27
625,p00259,1,52
627,p00260,1,46
631,p00261,1,35
633,p00262,1,5
633,p00263,1,14
636,p00264,1,9
638,p00265,1,17
641,p00266,1,21
641,p00267,1,12
643,p00268,34,1
648,p00269,1,24
649,p00270,1,17
650,p00271,1,30
651,p00272,1,31
651,p00273,1,17
652,p00274,1,6
658,p00275,1,5
660,p00276,50,1
664,p00277,1,28
674,p00278,1,44
675,p00279,1,10
676,p00280,1,32
676,p00281,34,1
681,p00282,1,11
683,p00283,1,53
684,p00284,1,57
684,p00285,1,25
689,p00286,1,8
695,p00287,1,30
695,p00288,1,39
697,p00289,1,37
700,p00290,1,8
703,p00291,53,1
703,p00292,1,23
709,p00293,1,40
718,p00294,1,30
719,p00295,1,51
719,p00296,1,38
722,p00297,1,53
726,p00298,1,47
731,p00299,1,42
740,p00300,40,1
743,p00301,1,2
743,p00302,40,1
747,p00303,1,58
749,p00304,9,1
749,p00305,1,54
751,p00306,24,1
752,p00307,40,1
756,p00308,36,1
757,p00309,1,18
757,p00310,1,41
757,p00311,1,50
757,p00312,1,37
762,p00313,1,9
766,p00314,1,27
767,p00315,10,1
769,p00316,1,12
770,p00317,1,59
775,p00318,1,45
776,p00319,1,58
777,p00320,8,1
781,p00321,1,60
783,p00322,1,21
790,p00323,49,1
792,p00324,23,1
792,p00325,1,51
803,p00326,1,24
804,p00327,1,37
806,p00328,1,44
812,p00329,1,35
812,p00330,1,47
814,p00331,1,28
814,p00332,1,17
815,p00333,1,22
816,p00334,1,24
819,p00335,1,57
824,p00336,1,8
826,p00337,1,10
831,p00338,1,44
832,p00339,1,53
837,p00340,52,1
842,p00341,1,39
842,p00342,1,46
850,p00343,1,53
859,p00344,1,16
861,p00345,1,35
864,p00346,1,60
864,p00347,1,44
871,p00348,1,44
873,p00349,1,6
873,p00350,1,54
881,p00351,1,57
882,p00352,1,48
887,p00353,1,42
898,p00354,1,50
907,p00355,1,22
908,p00356,1,54
910,p00357,1,3
911,p00358,1,55
916,p00359,1,33
918,p00360,1,45
930,p00361,1,20
931,p00362,1,31
935,p00363,1,7
941,p00364,1,32
943,p00365,1,57
944,p00366,1,44
946,p00367,1,7
949,p00368,1,31
957,p00369,1,42
957,p00370,1,2
962,p00371,1,49
963,p00372,1,51
965,p00373,1,21
965,p00374,1,12
968,p00375,1,54
976,p00376,46,1
979,p00377,1,50
980,p00378,47,1
994,p00379,1,52
995,p00380,1,14
995,p00381,1,39
996,p00382,1,46
1004,p00383,49,1
1004,p00384,1,15
1004,p00385,1,59
1006,p00386,1,38
1008,p00387,19,1
1013,p00388,1,25
1013,p00389,1,31
1014,p00390,1,59
1015,p00391,1,30
1016,p00392,52,1
1016,p00393,34,1
1018,p00394,1,13
1018,p00395,1,14
1021,p00396,52,1
1026,p00397,1,4
1032,p00398,1,13
1033,p00399,1,43
1036,p00400,1,17
1036,p00401,1,31
1044,p00402,1,37
1044,p00403,1,2
1048,p00404,1,16
1049,p00405,1,14
1050,p00406,1,4
1051,p00407,1,14
1052,p00408,1,43
1057,p00409,1,27
1063,p00410,1,24
1067,p00411,1,2
1067,p00412,1,53
1071,p00413,1,8
1075,p00414,1,35
1076,p00415,1,5
1081,p00416,1,5
1083,p00417,1,4
1083,p00418,1,20
1086,p00419,1,9
1087,p00420,1,8
1090,p00421,1,22
1093,p00422,1,27
1097,p00423,1,53
1103,p00424,1,31
1104,p00425,1,2
1105,p00426,1,60
1105,p00427,13,1
1106,p00428,1,3
1110,p00429,1,18
1119,p00430,1,29
1124,p00431,1,41
1124,p00432,4,1
1129,p00433,1,35
1130,p00434,1,35
1132,p00435,1,59
1133,p00436,1,40
1133,p00437,1,40
1134,p00438,1,12
1138,p00439,1,7
1140,p00440,15,1
1140,p00441,1,42
1142,p00442,53,1
1142,p00443,1,15
1147,p00444,1,16
1163,p00445,1,49
1163,p00446,1,2
1165,p00447,60,1
1171,p00448,1,7
1173,p00449,1,30
1175,p00450,1,23
1176,p00451,1,45
1181,p00452,1,29
1182,p00453,41,1
1183,p00454,1,2
1185,p00455,1,42
1188,p00456,1,45
1188,p00457,10,1
1193,p00458,1,51
1201,p00459,1,6
1205,p00460,1,41
1213,p00461,1,58
1214,p00462,1,11
1214,p00463,1,43
1216,p00464,1,23
1216,p00465,1,41
1224,p00466,1,12
1225,p00467,1,16
1227,p00468,4,1
1227,p00469,1,50
1231,p00470,1,15
1231,p00471,1,32
1236,p00472,1,20
1241,p00473,1,13
1243,p00474,1,35
1244,p00475,21,1
1247,p00476,1,50
1247,p00477,1,36
1251,p00478,1,21
1256,p00479,1,16
1258,p00480,1,50
1261,p00481,1,31
1264,p00482,1,33
1272,p00483,1,50
1273,p00484,1,42
1279,p00485,1,24
1290,p00486,1,42
1290,p00487,51,1
1298,p00488,1,6
1298,p00489,1,50
1298,p00490,1,32
1299,p00491,1,44
1300,p00492,1,6
1300,p00493,1,45
1304,p00494,1,10
1304,p00495,1,5
1310,p00496,12,1
1310,p00497,44,1
1310,p00498,40,1
1317,p00499,1,16
1321,p00500,1,2
1324,p00501,1,50
1325,p00502,1,33
1327,p00503,1,7
1335,p00504,1,60
1336,p00505,1,13
1338,p00506,1,31
1338,p00507,1,40
1339,p00508,1,3
1342,p00509,1,24
1346,p00510,1,21
1350,p00511,42,1
1353,p00512,39,1
1355,p00513,57,1
1357,p00514,1,2
1360,p00515,33,1
1365,p00516,1,32
1370,p00517,1,27
1375,p00518,1,18
1382,p00519,1,29
1382,p00520,1,26
1384,p00521,1,13
1385,p00522,11,1
1385,p00523,1,27
1387,p00524,1,17
1388,p00525,1,46
1395,p00526,1,3
1395,p00527,1,38
1397,p00528,1,42
1397,p00529,1,42
1400,p00530,1,49
1402,p00531,1,46
1406,p00532,50,1
1407,p00533,1,8
1410,p00534,1,13
1422,p00535,1,43
1422,p00536,1,13
1424,p00537,36,1
1428,p00538,1,30
1430,p00539,35,1
1431,p00540,1,51
1433,p00541,1,20
1434,p00542,1,58
1435,p00543,1,29
1436,p00544,1,21
1438,p00545,1,31
1439,p00546,1,4
1449,p00547,1,52
1452,p00548,1,3
1454,p00549,1,25
1457,p00550,1,33
1460,p00551,1,21
1461,p00552,45,1
1462,p00553,1,17
1464,p00554,1,50
1474,p00555,1,18
1475,p00556,1,17
1478,p00557,1,39
1488,p00558,1,6
1494,p00559,56,1
1499,p00560,1,57
